"","shift","ref","estimate","std.error","conf.low","conf.high","p.value","t","contrast","type"
"1",0.483974191060578,0.504040133644025,-0.0200659425834477,0.0169553925038514,-0.0532979012347369,0.0131660160678414,0.23662890472806,1,"shift v. obs","All Pesticides"
"2",0.499322429219652,0.504040133644025,-0.00471770442437347,0.0178138582581683,-0.0396322250360847,0.0301968161873377,0.791137815529211,1,"shift v. obs","First 5 Pesticides"
"3",0.489723685683808,0.504040133644025,-0.014316447960217,0.0124573000129726,-0.0387323073302536,0.0100994114098197,0.250456353046921,1,"shift v. obs","Last 2 Pesticides"
"4",0.498807790770462,0.504040133644025,-0.00523234287356394,0.00988779215335236,-0.0246120593807523,0.0141473736336244,0.596686129742034,1,"shift v. obs","Paraquat Only"
