"","t","contrast","estimate","std.error","conf.low","conf.high"
"1",1,"shift v. obs",-0.00428284232624662,0.0182807633458928,-0.0401124800940965,0.0315467954416033
