"","shift","ref","estimate","std.error","conf.low","conf.high","p.value","t","contrast"
"1",0.094192302909152,0.0973571902986673,-0.0031648873895153,0.00527791421097757,-0.0135094091565235,0.00717963437749288,0.54874126859688,1,"shift v. obs"
"2",0.158566815574572,0.161973386695954,-0.00340657112138198,0.008694429124507,-0.0204473390715518,0.0136341968287878,0.695198023879065,2,"shift v. obs"
"3",0.272145000264667,0.296779468490697,-0.0246344682260298,0.0141805868735918,-0.052427907777911,0.0031589713258515,0.0823524633752644,3,"shift v. obs"
"4",0.359820505660429,0.388851170709897,-0.0290306650494677,0.0182704309200282,-0.06484005163475,0.00677872153581455,0.112073364185433,4,"shift v. obs"
"5",0.422267707683119,0.449578458954838,-0.0273107512717192,0.0222401631001054,-0.0709006699582225,0.0162791674147841,0.219449820804357,5,"shift v. obs"
