"","t","contrast","estimate","std.error","conf.low","conf.high"
"1",1,"shift v. obs",-0.00868850702088725,0.0161433947334403,-0.0403289792866439,0.0229519652448694
