"","t","contrast","estimate","std.error","conf.low","conf.high"
"1",1,"shift v. obs",-0.00263019957267011,0.0135883015516175,-0.0292627812249101,0.0240023820795699
