"","shift","ref","estimate","std.error","conf.low","conf.high","p.value","t","contrast","type"
"1",0.475529659684921,0.499712240619132,-0.0241825809342109,0.0154225957175203,-0.0544103130886723,0.00604515122025055,0.116881876105968,1,"shift v. obs","All Pesticides"
"2",0.493696594918061,0.499712240619132,-0.00601564570107094,0.0147886666073446,-0.0350008996308364,0.0229696082286945,0.684173953115563,1,"shift v. obs","First 5 Pesticides"
"3",0.485528804940561,0.499712240619132,-0.0141834356785714,0.0121830082720594,-0.0380616931151614,0.00969482175801865,0.244343720239046,1,"shift v. obs","Last 2 Pesticides"
"4",0.496725587427063,0.499712240619132,-0.00298665319206914,0.00929042709583022,-0.0211955557008914,0.0152222493167531,0.747849382965656,1,"shift v. obs","Paraquat Only"
