"","t","contrast","estimate","std.error","conf.low","conf.high"
"1",1,"shift v. obs",-0.0266332931125748,0.0169821449990609,-0.0599176856909712,0.00665109946582155
