"","t","contrast","estimate","std.error","conf.low","conf.high"
"1",1,"shift v. obs",-0.0124937099490137,0.016411049826094,-0.0446587765566502,0.0196713566586229
