"","shift","ref","estimate","std.error","conf.low","conf.high","p.value","t","contrast"
"1",0.0922749395058564,0.0973571902986673,-0.00508225079281094,0.00681515206922334,-0.0184397033976523,0.00827520181203043,0.455831646441052,1,"shift v. obs"
"2",0.151309904719214,0.161973386695954,-0.0106634819767395,0.00986011672828986,-0.0299889556475485,0.00866199169406953,0.279485323661917,2,"shift v. obs"
"3",0.263365878804378,0.296779468490697,-0.0334135896863192,0.0160528568999448,-0.0648766110591863,-0.00195056831345221,0.0373906245404591,3,"shift v. obs"
"4",0.348297270330696,0.388851170709897,-0.0405539003792006,0.0193674008369269,-0.0785133084937281,-0.00259449226467307,0.0362665901689472,4,"shift v. obs"
"5",0.408770947346929,0.449578458954838,-0.0408075116079091,0.0245424482287768,-0.0889098262287505,0.00729480301293231,0.0963661134259195,5,"shift v. obs"
