"","t","shift","estimate","std.error","conf.low","conf.high"
"1",1,"mult",0.0960520131637748,0.0151789490851283,0.0663018196337563,0.125802206693793
"2",1,"obs",0.0966097631848754,0.0149907155361259,0.0672285006315837,0.125991025738167
"3",2,"mult",0.161912999084222,0.0197199524547306,0.123262602496108,0.200563395672336
"4",2,"obs",0.159696357367831,0.0189274762974091,0.122599185506674,0.196793529228988
"5",3,"mult",0.296668219381153,0.0277543835048763,0.242270627298483,0.351065811463823
"6",3,"obs",0.296057372670303,0.0259680689266224,0.24516089282607,0.346953852514537
"7",4,"mult",0.380355528131636,0.0328100330123906,0.31604904509578,0.444662011167492
"8",4,"obs",0.387015831661272,0.0289319940704532,0.330310165282257,0.443721498040287
"9",5,"mult",0.440429022879211,0.0369650756457967,0.367978805927651,0.512879239830771
"10",5,"obs",0.452387195733281,0.0299247362514983,0.393735790433484,0.511038601033078
