"","t","shift","estimate","std.error","conf.low","conf.high"
"1",1,"mult",0.0958772378138417,0.0149766317575663,0.0665235789592929,0.12523089666839
"2",1,"obs",0.0966097631848754,0.0149907155361259,0.0672285006315837,0.125991025738167
"3",2,"mult",0.162086975252746,0.0193400907358182,0.124181093952805,0.199992856552686
"4",2,"obs",0.159696357367831,0.0189274762974091,0.122599185506674,0.196793529228988
"5",3,"mult",0.299751036144417,0.0255776871363766,0.249619690549286,0.349882381739549
"6",3,"obs",0.296057372670303,0.0259680689266224,0.24516089282607,0.346953852514537
"7",4,"mult",0.389339509107436,0.0281685280560634,0.334130208620046,0.444548809594826
"8",4,"obs",0.387015831661272,0.0289319940704532,0.330310165282257,0.443721498040287
"9",5,"mult",0.438497373930767,0.0283829154385915,0.382867881894882,0.494126865966652
"10",5,"obs",0.452387195733281,0.0299247362514983,0.393735790433484,0.511038601033078
