"","t","shift","estimate","std.error","conf.low","conf.high"
"1",1,"mult",0.485385883195482,0.0318529177152087,0.422955311671155,0.547816454719809
"2",1,"obs",0.497879593144496,0.0300058495154405,0.439069208768704,0.556689977520288
