"","t","shift","estimate","std.error","conf.low","conf.high"
"1",1,"mult",0.115069942996021,0.031955189899171,0.0524389216745077,0.177700964317534
"2",1,"obs",0.119352785322268,0.0267817734428027,0.0668614739322631,0.171844096712272
